instance_pre,Delta7(PB15)_L1L9R8_R,Delta7(PB15)_L2R7_R,Delta7(PB15)_L3R6_R,Delta7(PB15)_L4R5_R,Delta7(PB15)_L5R4_L,Delta7(PB15)_L6R3_L,Delta7(PB15)_L7R2_L,Delta7(PB15)_L8R1R9_L,EPG(PB08)_L1,EPG(PB08)_L2,EPG(PB08)_L3,EPG(PB08)_L4,EPG(PB08)_L5,EPG(PB08)_L6,EPG(PB08)_L7,EPG(PB08)_L8,EPG(PB08)_R1,EPG(PB08)_R2,EPG(PB08)_R3,EPG(PB08)_R4,EPG(PB08)_R5,EPG(PB08)_R6,EPG(PB08)_R7,EPG(PB08)_R8,PEG(PB07)_L1,PEG(PB07)_L2,PEG(PB07)_L3,PEG(PB07)_L4,PEG(PB07)_L5,PEG(PB07)_L6,PEG(PB07)_L7,PEG(PB07)_L8,PEG(PB07)_L9,PEG(PB07)_R1,PEG(PB07)_R2,PEG(PB07)_R3,PEG(PB07)_R4,PEG(PB07)_R5,PEG(PB07)_R6,PEG(PB07)_R7,PEG(PB07)_R8,PEG(PB07)_R9,PEN_a(PB06a)_L2,PEN_a(PB06a)_L3,PEN_a(PB06a)_L4,PEN_a(PB06a)_L5,PEN_a(PB06a)_L6,PEN_a(PB06a)_L7,PEN_a(PB06a)_L8,PEN_a(PB06a)_L9,PEN_a(PB06a)_R2,PEN_a(PB06a)_R3,PEN_a(PB06a)_R4,PEN_a(PB06a)_R5,PEN_a(PB06a)_R6,PEN_a(PB06a)_R7,PEN_a(PB06a)_R8,PEN_a(PB06a)_R9,PEN_b(PB06b)_L2,PEN_b(PB06b)_L3,PEN_b(PB06b)_L4,PEN_b(PB06b)_L5,PEN_b(PB06b)_L6,PEN_b(PB06b)_L7,PEN_b(PB06b)_L8,PEN_b(PB06b)_L9,PEN_b(PB06b)_R2,PEN_b(PB06b)_R3,PEN_b(PB06b)_R4,PEN_b(PB06b)_R5,PEN_b(PB06b)_R6,PEN_b(PB06b)_R7,PEN_b(PB06b)_R8,PEN_b(PB06b)_R9
Delta7(PB15)_L1L9R8_R,0,211,229,517,497,449,177,207,221,39,3,22,20,16,3,5,46,0,29,29,19,5,11,384,237,50,0,11,4,4,2,2,172,44,0,14,6,3,2,7,311,24,27,2,3,3,1,1,3,77,0,7,2,3,1,14,124,2,27,1,1,0,5,0,3,504,1,5,1,4,0,18,441,21
Delta7(PB15)_L2R7_R,189,0,192,332,427,400,219,329,44,245,94,7,5,3,1,1,4,3,38,37,14,12,269,15,28,264,72,3,0,1,1,0,0,1,2,12,13,4,4,244,28,0,168,38,3,0,2,0,0,0,1,2,1,3,5,102,6,0,445,120,4,0,0,0,0,0,2,4,2,2,26,423,28,0
Delta7(PB15)_L3R6_R,257,235,0,161,266,313,194,381,2,28,238,31,2,6,2,1,11,7,46,19,5,199,48,5,0,16,301,27,1,1,0,0,0,7,3,16,2,3,180,60,0,0,20,87,14,0,0,0,1,0,2,8,0,0,176,23,0,0,56,493,35,0,1,0,0,0,0,5,4,1,488,62,2,0
Delta7(PB15)_L4R5_R,544,423,199,0,251,426,283,493,12,13,2,253,67,1,5,5,11,9,21,11,296,46,1,4,3,6,1,249,82,1,1,0,0,3,0,7,17,335,52,0,1,1,1,0,267,21,0,0,0,0,3,2,11,145,54,1,3,0,0,0,629,87,0,0,0,0,2,1,19,620,127,1,1,0
Delta7(PB15)_L5R4_L,425,332,220,211,0,178,159,339,16,20,18,26,297,32,1,0,7,4,5,167,41,4,6,10,4,14,5,15,286,24,0,0,1,6,5,4,156,36,1,3,4,0,3,0,19,100,21,1,0,1,1,3,157,3,0,1,1,0,3,4,37,485,88,1,0,0,2,12,541,59,1,1,4,0
Delta7(PB15)_L6R3_L,423,370,314,355,236,0,139,280,7,21,36,14,7,180,112,2,2,30,292,59,8,3,7,5,4,10,14,4,3,137,56,1,0,0,33,346,63,1,2,1,1,0,4,6,2,3,92,11,1,0,26,114,18,0,1,0,1,0,7,6,4,3,238,80,0,0,134,497,47,1,0,1,0,0
Delta7(PB15)_L7R2_L,153,200,184,197,189,158,0,111,2,8,23,10,4,1,159,6,4,193,11,4,11,5,7,2,2,4,8,3,3,6,87,10,0,3,168,19,1,4,1,2,0,0,2,0,1,0,1,26,0,0,66,2,0,1,3,1,0,0,2,4,1,0,3,158,3,0,304,13,1,1,2,0,0,0
Delta7(PB15)_L8R1R9_L,217,299,374,380,425,204,118,0,28,4,23,12,4,3,15,369,226,59,9,11,31,16,9,14,38,3,8,4,1,0,13,190,4,255,67,3,2,3,2,3,15,297,0,2,8,0,0,8,71,0,17,2,0,3,2,1,23,96,0,5,7,0,0,17,264,1,37,1,2,4,2,0,32,688
EPG(PB08)_L1,30,8,71,199,290,199,51,5,0,29,5,2,4,0,5,24,129,1,0,0,0,0,5,128,210,24,11,1,3,3,11,1,23,55,0,0,0,0,0,0,1,40,90,42,3,0,0,0,0,7,73,1,0,0,0,0,1,42,96,9,0,0,0,0,0,0,79,0,0,0,0,0,0,10
EPG(PB08)_L2,5,24,11,131,197,189,88,35,21,0,8,5,0,3,0,3,2,0,0,0,0,2,116,133,0,260,1,10,2,11,0,4,1,0,0,0,0,0,0,0,10,0,78,46,37,0,0,0,0,0,7,0,0,0,0,0,23,49,62,67,9,0,0,0,0,0,0,0,0,0,0,0,14,98
EPG(PB08)_L3,97,18,25,38,142,301,184,266,7,17,0,22,5,0,14,1,0,0,0,0,4,161,177,2,18,12,337,20,16,4,17,2,17,0,0,0,0,0,10,28,0,0,5,88,103,34,1,0,0,0,0,0,0,0,4,32,88,3,10,120,148,15,0,0,0,0,0,0,0,0,0,11,97,0
EPG(PB08)_L4,301,120,13,21,31,235,233,315,0,7,21,0,10,6,2,5,0,0,0,1,99,150,0,0,0,18,2,389,11,12,0,7,0,0,0,0,0,2,16,0,0,0,0,3,154,65,33,0,0,0,0,0,0,0,34,71,0,0,0,0,161,74,16,0,0,0,0,0,0,0,9,64,1,0
EPG(PB08)_L5,322,163,61,18,29,50,95,271,6,0,9,18,0,20,6,1,0,0,6,110,102,0,0,0,17,1,14,11,324,11,34,1,17,0,0,0,2,17,0,0,0,0,0,0,6,82,80,15,0,0,0,0,0,35,87,5,0,0,0,0,9,111,101,7,0,0,0,0,0,4,134,0,0,0
EPG(PB08)_L6,196,104,97,36,36,27,19,119,0,3,1,11,13,0,23,10,0,2,131,166,1,0,0,0,0,14,0,10,5,213,3,18,0,0,0,1,15,0,0,0,0,0,0,0,0,0,75,53,23,4,0,0,33,57,5,0,0,0,0,0,0,0,87,103,9,0,0,0,30,116,0,0,0,0
EPG(PB08)_L7,147,82,97,163,101,20,22,33,3,1,13,1,9,15,0,42,4,104,95,7,0,0,0,0,18,2,20,1,12,13,215,7,19,0,16,19,0,0,0,0,0,0,1,0,0,0,0,55,57,35,0,45,106,8,0,0,0,0,0,0,0,0,2,61,65,22,0,28,135,0,0,0,0,0
EPG(PB08)_L8,26,96,136,210,233,60,16,48,12,4,2,6,1,7,47,0,148,140,7,1,0,0,0,6,1,17,1,23,2,30,3,253,10,2,47,0,0,0,0,0,0,0,35,1,0,0,0,1,74,104,23,122,11,0,0,0,0,1,14,0,0,0,0,0,78,176,30,107,0,0,0,0,0,0
EPG(PB08)_R1,7,84,198,268,278,68,5,44,109,0,1,0,0,0,3,142,0,12,2,0,0,0,0,16,61,0,0,0,0,0,0,1,14,231,28,0,0,0,0,0,0,8,53,4,0,0,0,0,0,33,67,28,2,0,0,0,0,8,83,0,0,0,0,0,0,10,82,7,0,0,0,0,0,0
EPG(PB08)_R2,45,137,159,173,112,15,16,11,0,0,0,0,0,0,96,117,22,0,24,0,0,0,0,0,0,0,0,0,0,0,0,3,0,3,207,0,0,0,0,0,0,0,9,0,0,0,0,0,26,38,54,73,33,0,0,0,0,0,0,0,0,0,0,0,8,82,44,73,10,0,0,0,0,0
EPG(PB08)_R3,369,410,368,238,40,34,11,119,0,0,0,0,3,127,111,9,0,24,0,35,0,0,0,0,0,0,0,0,0,8,15,0,0,0,18,392,31,0,0,0,0,0,0,0,0,0,1,43,86,15,3,101,141,39,2,0,0,0,0,0,0,0,0,22,79,2,6,120,168,9,0,0,0,0
EPG(PB08)_R4,326,318,146,36,22,15,41,213,0,0,0,8,79,147,4,1,0,1,31,0,15,0,0,0,0,0,0,0,5,19,0,0,0,0,0,2,283,1,0,0,0,0,0,0,0,1,35,89,10,0,0,1,89,79,46,0,0,0,0,0,0,0,3,93,0,0,0,0,104,84,11,0,0,0
EPG(PB08)_R5,301,201,54,23,10,109,131,336,0,0,7,107,105,2,0,0,0,0,0,27,0,34,1,0,0,0,0,11,14,0,0,0,0,0,0,0,14,310,9,0,0,0,0,0,0,24,122,4,0,0,0,0,0,81,106,38,0,0,0,0,0,9,100,1,0,0,0,0,4,107,119,8,0,0
EPG(PB08)_R6,150,34,15,15,95,184,106,305,0,4,135,138,2,0,0,0,0,0,0,1,17,0,27,1,0,0,1,16,0,0,0,0,0,0,0,0,0,0,293,1,0,0,0,1,35,72,10,0,0,0,0,0,0,4,125,63,34,1,0,0,20,79,0,0,0,0,0,0,0,2,167,77,13,0
EPG(PB08)_R7,32,47,26,81,171,164,88,199,2,160,178,6,0,0,0,0,1,0,0,0,0,22,0,41,0,19,15,0,0,0,0,0,0,0,0,0,0,0,14,268,17,0,1,47,89,2,0,0,0,0,4,0,0,0,3,108,89,31,0,26,102,0,0,0,0,0,0,0,0,0,3,125,78,21
EPG(PB08)_R8,63,28,113,238,285,168,92,25,122,139,5,0,0,0,0,2,14,0,0,0,0,0,32,0,0,27,0,0,0,0,0,0,0,0,0,0,0,0,0,0,305,13,27,77,22,0,0,0,0,1,35,0,0,0,0,10,126,71,11,111,0,0,0,0,0,0,9,0,0,0,0,0,116,150
PEG(PB07)_L1,1,0,0,0,1,0,0,0,14,0,4,0,5,0,3,0,5,0,0,0,0,0,0,0,0,0,5,0,2,0,4,0,7,3,0,0,0,0,0,0,0,6,1,0,0,0,0,0,0,0,1,0,0,0,0,0,0,0,18,0,0,0,0,0,0,1,16,0,0,0,0,0,0,0
PEG(PB07)_L2,0,0,0,0,0,0,0,0,0,8,1,2,0,4,0,5,0,0,0,0,0,0,6,10,0,0,0,2,1,1,0,0,0,0,0,0,0,0,0,0,3,0,0,2,1,0,0,0,0,0,0,0,0,0,0,0,0,1,1,31,2,0,0,0,0,0,1,0,0,0,0,0,2,62
PEG(PB07)_L3,0,0,0,0,0,0,0,0,4,1,15,1,1,2,6,0,0,0,0,0,0,2,5,1,2,0,0,0,3,0,11,0,4,0,0,0,0,0,0,4,0,0,0,0,0,0,0,0,0,0,0,0,0,0,0,0,2,0,0,0,51,0,0,0,0,0,0,0,0,0,0,0,33,0
PEG(PB07)_L4,0,1,0,0,0,0,0,0,0,3,2,18,0,2,0,5,0,0,0,0,6,6,0,0,0,3,0,0,1,3,0,2,0,0,0,0,0,1,0,0,0,0,0,0,2,2,1,0,0,0,0,0,0,0,0,0,0,0,0,0,4,35,4,0,0,0,0,0,0,0,14,20,0,0
PEG(PB07)_L5,0,0,0,0,0,0,0,0,3,0,8,1,16,2,5,0,0,0,0,3,6,0,0,0,1,2,2,1,0,0,2,0,1,0,0,0,1,0,0,0,0,0,0,0,0,0,2,0,0,0,0,0,0,0,4,0,0,0,0,0,0,0,28,1,0,0,0,0,0,4,42,1,0,0
PEG(PB07)_L6,2,1,1,0,0,0,0,0,0,5,0,6,1,11,0,7,0,0,1,4,0,0,0,0,0,2,0,3,1,0,0,0,0,0,0,1,2,0,0,0,0,0,0,0,0,0,2,1,0,0,0,0,0,3,0,0,0,0,0,0,0,0,0,43,1,0,0,0,2,42,0,0,0,0
PEG(PB07)_L7,0,0,0,1,0,0,1,0,2,0,3,0,3,5,13,0,0,0,3,0,0,0,0,0,4,0,6,0,0,1,0,0,4,0,0,5,0,0,0,0,0,0,0,0,0,0,0,0,3,0,0,0,2,0,0,0,0,0,0,0,0,0,0,1,25,0,0,0,43,0,0,0,0,0
PEG(PB07)_L8,0,0,0,0,1,0,0,0,1,4,0,5,1,4,0,20,1,4,0,0,0,0,0,0,0,3,0,2,2,1,0,0,0,0,3,0,0,0,0,0,0,0,0,0,0,0,0,0,0,2,0,3,0,0,0,0,0,0,1,0,0,0,0,0,4,40,2,30,3,0,0,0,0,0
PEG(PB07)_L9,2,0,0,0,0,0,0,0,6,1,4,0,4,1,4,0,7,0,0,0,0,0,0,2,7,0,6,0,0,0,5,0,0,4,0,0,0,0,0,0,0,2,2,0,0,0,0,0,0,2,1,0,0,0,0,0,0,0,15,3,0,0,0,0,0,1,11,0,0,0,0,0,0,0
PEG(PB07)_R1,0,0,0,0,0,0,0,0,3,0,0,0,0,0,0,0,10,0,0,0,0,0,0,0,1,0,0,0,0,0,0,0,4,0,0,0,0,0,0,0,0,6,0,0,0,0,0,0,0,1,4,0,0,0,0,0,0,0,18,0,0,0,0,0,0,0,11,0,0,0,0,0,0,0
PEG(PB07)_R2,0,0,0,0,0,0,0,0,0,0,0,0,0,0,5,5,1,14,2,0,0,0,0,0,0,0,0,0,0,0,0,6,0,0,0,1,0,0,0,0,0,0,0,0,0,0,0,0,3,3,0,2,2,0,0,0,0,0,0,0,0,0,0,0,10,62,1,44,3,0,0,0,0,0
PEG(PB07)_R3,0,0,0,0,0,0,0,0,0,0,0,0,0,3,8,4,0,1,11,2,0,0,0,0,0,0,0,0,0,2,7,0,0,0,0,0,0,0,0,0,0,0,0,0,0,0,0,0,0,0,0,2,2,0,0,0,0,0,0,0,0,0,0,2,24,1,0,1,45,0,0,0,0,0
PEG(PB07)_R4,0,0,0,0,0,0,0,0,0,0,0,0,1,6,0,0,0,0,2,21,0,0,0,0,0,0,0,0,1,7,0,0,0,0,0,0,0,0,0,0,0,0,0,0,0,0,0,2,0,0,0,0,0,0,0,0,0,0,0,0,0,0,0,53,2,0,0,0,3,58,2,0,0,0
PEG(PB07)_R5,1,1,0,0,0,0,0,0,0,0,0,4,7,0,0,0,0,0,0,1,10,1,0,0,0,0,0,0,3,0,0,0,0,0,0,0,0,0,0,0,0,0,0,0,0,0,5,0,0,0,0,0,0,0,2,0,0,0,0,0,0,0,39,1,0,0,0,0,0,0,44,0,0,0
PEG(PB07)_R6,0,0,0,0,0,0,0,0,0,0,1,4,0,0,0,0,0,0,0,0,2,5,0,0,0,0,0,2,1,0,0,0,0,0,0,0,0,0,0,1,0,0,0,0,0,1,0,0,0,0,0,0,0,0,0,3,0,0,0,0,10,31,2,0,0,0,0,0,0,0,4,27,3,0
PEG(PB07)_R7,0,0,0,0,0,0,0,0,0,1,6,0,0,0,0,0,0,0,0,0,0,2,4,1,0,0,7,0,0,0,0,0,0,0,0,0,0,0,1,0,0,0,0,0,3,0,0,0,0,0,0,0,0,0,0,0,0,0,0,0,50,2,0,0,0,0,0,0,0,0,0,2,19,3
PEG(PB07)_R8,1,0,0,0,1,0,0,0,2,3,1,0,0,0,0,0,0,0,0,0,0,0,2,6,0,1,0,0,0,0,0,0,0,0,0,0,0,0,0,0,0,0,0,1,0,0,0,0,0,0,0,0,0,0,0,0,0,0,1,28,2,0,0,0,0,0,0,0,0,0,0,0,1,30
PEG(PB07)_R9,0,0,0,0,0,0,0,1,8,0,0,0,0,0,0,0,2,0,0,0,0,0,0,0,6,0,0,0,0,0,0,0,4,6,0,0,0,0,0,0,0,0,1,0,0,0,0,0,0,0,0,0,0,0,0,0,0,4,19,0,0,0,0,0,0,0,9,0,0,0,0,0,0,2
PEN_a(PB06a)_L2,0,0,0,0,0,0,0,0,220,28,1,0,0,0,13,116,175,25,0,0,0,0,13,131,1,0,0,0,0,0,0,1,0,0,0,0,0,0,0,0,0,0,0,27,24,13,38,18,24,23,13,1,0,0,0,0,1,0,16,9,25,8,12,4,16,23,4,0,0,0,0,0,0,2
PEN_a(PB06a)_L3,0,0,0,0,0,1,0,0,136,167,30,0,0,0,0,16,36,0,0,0,0,7,144,267,0,3,1,0,0,0,0,0,0,0,0,0,0,0,0,0,0,0,31,0,27,13,19,20,18,15,2,0,0,0,0,0,3,11,14,18,14,12,8,11,15,11,2,0,0,0,0,0,1,13
PEN_a(PB06a)_L4,0,0,0,0,0,1,0,0,37,132,320,36,0,0,0,0,6,0,0,0,2,163,304,106,0,1,0,0,0,0,0,0,0,0,0,0,0,0,1,0,0,0,31,30,0,16,42,25,25,28,1,0,0,0,0,3,15,5,21,7,38,11,22,10,22,20,0,0,0,0,0,0,8,0
PEN_a(PB06a)_L5,0,0,0,0,0,0,0,0,0,1,122,181,24,0,0,0,0,0,0,3,101,184,24,2,0,0,0,3,0,0,0,0,0,0,0,0,0,0,5,0,0,0,18,15,16,0,14,13,9,15,0,0,0,0,0,14,2,0,7,8,4,20,9,13,12,18,0,0,0,0,3,10,0,0
PEN_a(PB06a)_L6,0,0,0,0,0,0,0,0,0,0,9,126,181,19,0,0,0,0,9,128,261,53,0,0,0,0,0,4,3,0,0,0,0,0,0,0,4,0,0,0,0,0,33,24,42,20,0,24,41,24,0,0,0,7,31,4,0,0,13,10,24,3,34,11,27,7,0,0,0,1,14,0,0,0
PEN_a(PB06a)_L7,1,1,1,0,0,0,0,0,0,0,0,3,91,226,29,2,0,11,200,231,25,0,0,0,0,0,0,0,1,3,1,0,0,0,0,0,1,0,0,0,0,0,31,19,23,15,40,0,27,27,0,0,7,9,3,0,0,0,6,5,10,8,9,22,5,18,0,0,0,12,0,0,0,0
PEN_a(PB06a)_L8,0,0,0,0,0,0,0,1,0,0,0,0,4,114,233,55,6,97,237,68,0,0,0,0,0,0,0,0,0,0,2,0,0,0,1,0,0,0,0,0,0,0,27,23,23,12,43,16,0,26,0,1,22,3,0,0,0,0,10,4,20,9,20,8,18,23,0,3,15,2,0,0,0,0
PEN_a(PB06a)_L9,0,0,0,0,0,0,0,0,42,3,1,0,0,17,160,306,128,181,68,7,0,0,0,12,0,0,0,0,0,0,0,2,0,1,1,0,0,0,0,0,0,0,33,32,32,22,35,20,30,0,5,14,3,0,0,0,0,0,14,17,16,10,9,16,21,30,2,12,0,0,0,0,0,0
PEN_a(PB06a)_R2,0,0,0,0,0,0,0,0,213,30,3,0,0,0,0,114,195,16,0,0,0,0,8,142,0,2,0,0,0,0,0,1,0,1,0,0,0,0,0,0,0,0,16,3,0,0,0,0,0,5,0,13,28,11,30,11,16,18,9,0,0,0,0,0,0,0,17,1,8,5,10,8,9,10
PEN_a(PB06a)_R3,0,0,0,0,0,1,0,0,24,0,0,0,0,7,179,330,129,217,67,0,0,0,0,0,0,0,0,0,0,0,0,4,0,0,2,1,0,0,0,0,0,0,3,0,0,0,0,0,2,16,16,0,24,12,23,15,15,8,0,0,0,0,0,0,1,10,6,14,9,9,9,9,8,9
PEN_a(PB06a)_R4,0,0,0,0,0,0,0,0,0,0,0,0,10,166,335,81,11,175,385,80,0,0,0,0,0,0,0,0,0,1,1,1,0,0,1,3,1,0,0,0,0,0,0,0,0,0,0,6,20,6,33,35,0,31,49,36,42,39,0,0,0,0,0,0,19,0,14,12,59,18,22,10,14,20
PEN_a(PB06a)_R5,0,0,0,0,0,0,1,0,0,0,0,9,116,247,42,2,0,11,180,257,32,0,0,0,0,0,0,0,0,2,0,0,0,0,0,0,3,0,0,0,0,0,0,0,0,0,2,9,3,0,10,9,27,0,22,15,9,11,0,0,0,0,2,13,0,0,3,6,15,24,10,9,6,7
PEN_a(PB06a)_R6,0,0,0,0,0,0,0,0,0,0,11,148,227,29,0,0,0,0,11,141,275,50,4,0,0,0,0,2,3,0,0,0,0,0,0,0,2,1,0,0,0,0,0,0,0,1,40,4,0,0,24,14,48,32,0,32,34,31,0,0,0,1,15,0,0,0,12,6,23,17,37,10,11,20
PEN_a(PB06a)_R7,0,0,0,0,0,1,0,0,0,3,122,181,20,0,0,0,0,0,0,1,119,213,30,0,0,0,0,1,0,0,0,0,0,0,0,0,0,0,3,0,0,0,0,0,3,13,3,0,0,0,8,11,29,17,18,0,22,28,0,0,1,5,0,0,0,0,13,8,12,20,13,14,14,19
PEN_a(PB06a)_R8,0,0,0,0,0,0,0,0,8,88,250,16,1,0,0,0,0,0,0,0,6,123,243,48,0,1,1,0,0,0,0,0,0,0,0,0,0,0,0,0,0,0,0,1,11,0,0,0,0,0,18,13,36,12,41,19,0,26,0,2,5,1,0,0,0,0,15,5,17,12,9,10,37,9
PEN_a(PB06a)_R9,0,0,0,0,0,0,0,0,131,134,28,1,0,0,0,8,44,0,0,0,0,5,111,218,0,0,0,0,0,0,0,0,0,0,0,0,0,0,0,0,1,0,1,9,3,0,0,0,0,0,17,13,36,22,41,22,33,0,6,4,0,0,0,0,0,0,12,6,15,19,15,10,16,23
PEN_b(PB06b)_L2,0,0,0,0,0,0,0,0,178,5,0,0,0,0,0,28,171,2,0,0,0,0,6,63,4,0,0,0,0,0,0,0,0,1,0,0,0,0,0,0,0,1,21,13,15,8,27,4,12,18,3,1,0,0,0,0,0,0,0,25,46,15,50,15,44,38,9,0,0,0,0,0,0,3
PEN_b(PB06b)_L3,0,0,0,0,0,0,0,0,43,135,5,0,0,0,0,0,0,0,0,0,0,1,105,148,0,1,0,0,0,0,0,0,0,0,0,0,0,0,0,0,2,0,14,16,10,13,10,6,12,11,0,0,0,0,0,0,0,2,14,0,15,29,26,29,24,54,0,0,0,0,0,0,2,16
PEN_b(PB06b)_L4,1,0,0,0,1,1,0,0,0,43,314,5,0,0,0,0,0,0,0,0,0,91,223,15,0,1,7,0,0,0,0,0,0,0,0,0,0,0,3,6,0,0,31,15,44,11,31,15,25,20,0,0,0,0,0,2,8,0,44,26,0,26,73,26,59,62,0,0,0,0,0,1,23,1
PEN_b(PB06b)_L5,0,0,0,0,0,0,0,0,0,0,61,136,6,0,0,0,0,0,0,1,36,181,1,0,0,0,0,5,0,0,0,0,0,0,0,0,0,0,5,0,0,0,11,19,11,13,9,5,7,13,0,0,0,0,0,3,1,0,13,31,24,0,21,45,20,55,0,0,0,0,0,20,1,0
PEN_b(PB06b)_L6,0,0,0,0,0,2,0,0,0,0,0,49,209,2,0,0,0,0,0,44,199,3,0,0,0,0,0,1,4,0,0,0,0,0,0,0,0,2,0,0,0,0,25,17,17,8,38,13,21,21,0,0,0,0,7,0,0,0,63,35,73,20,0,27,73,51,0,0,0,0,27,0,0,0
PEN_b(PB06b)_L7,0,0,0,0,0,0,1,0,0,0,0,0,42,226,3,0,0,0,88,223,7,0,0,0,0,0,0,0,1,7,0,0,0,0,0,0,5,0,0,0,0,0,13,8,13,10,13,21,9,16,0,0,0,5,5,0,0,0,13,33,24,23,16,0,28,53,0,0,2,15,0,0,0,0
PEN_b(PB06b)_L8,0,0,0,0,0,0,0,1,0,0,0,0,0,47,159,9,0,35,171,9,0,0,0,0,0,0,0,0,0,1,1,0,0,0,0,6,1,0,0,0,0,0,12,12,25,9,22,15,21,17,0,0,5,1,0,0,0,0,36,28,46,23,54,26,0,56,0,4,21,0,0,0,0,0
PEN_b(PB06b)_L9,1,0,0,0,0,0,0,0,0,0,0,0,0,0,119,321,49,138,6,0,0,0,0,0,0,0,0,0,0,0,0,2,0,0,5,0,0,0,0,0,0,0,26,14,14,13,18,17,15,19,0,4,0,0,0,0,0,0,27,44,38,44,46,57,35,0,0,22,1,0,0,0,0,0
PEN_b(PB06b)_R2,0,0,1,0,0,0,0,0,168,3,0,0,0,0,4,73,157,3,0,0,0,0,1,43,2,0,0,0,0,0,0,0,0,1,1,0,0,0,0,0,0,0,1,1,0,0,0,0,0,1,15,5,16,5,8,9,15,10,10,0,0,0,0,0,0,0,0,14,34,19,22,18,27,31
PEN_b(PB06b)_R3,1,0,0,0,0,0,0,1,0,0,0,0,0,0,95,234,49,146,10,0,0,0,0,0,0,0,0,0,0,0,0,3,0,0,1,0,0,0,0,0,0,0,0,0,0,0,0,0,0,4,10,7,11,8,9,12,4,3,0,0,0,0,0,0,0,9,18,0,22,28,7,17,22,40
PEN_b(PB06b)_R4,0,0,0,0,1,0,0,0,0,0,0,0,2,106,222,14,0,46,284,30,0,0,0,0,0,0,0,0,0,1,5,0,0,0,0,3,0,0,0,0,0,0,0,0,0,0,0,4,8,0,18,11,47,10,22,28,18,17,0,0,0,0,0,4,26,0,39,19,0,29,52,23,48,47
PEN_b(PB06b)_R5,0,0,0,0,0,0,0,0,0,0,0,0,37,234,0,0,0,0,68,233,0,0,0,0,0,0,0,0,0,4,1,0,0,0,0,0,5,0,0,0,0,0,0,0,0,0,0,1,0,0,11,6,32,19,25,19,11,17,0,0,0,0,3,13,0,0,21,24,16,0,25,25,27,58
PEN_b(PB06b)_R6,0,0,0,0,0,0,0,0,0,0,0,62,186,6,0,0,0,0,1,65,230,11,0,0,0,0,0,2,4,0,0,0,0,0,0,0,0,5,0,0,0,0,0,0,0,0,11,1,0,0,5,6,28,12,31,12,17,14,0,0,0,2,25,3,0,0,18,10,66,26,0,15,42,30
PEN_b(PB06b)_R7,0,3,0,0,0,0,0,0,0,0,72,109,0,0,0,0,0,0,0,0,29,163,3,0,0,0,0,3,0,0,0,0,0,0,0,0,0,0,6,0,0,0,0,0,0,0,0,0,0,0,0,5,6,4,8,9,6,11,0,0,0,10,0,0,0,0,14,16,20,21,20,0,24,31
PEN_b(PB06b)_R8,0,0,0,0,0,0,0,0,2,47,203,4,0,0,0,0,0,0,0,0,0,56,189,25,0,0,2,0,0,0,0,0,0,0,0,0,0,0,0,1,0,0,0,0,0,0,0,0,0,0,9,7,18,9,22,8,14,16,0,2,13,0,0,0,0,0,26,19,51,26,19,20,0,47
PEN_b(PB06b)_R9,0,0,0,0,0,0,0,2,61,143,2,0,0,0,0,0,0,0,0,0,0,2,90,223,0,6,0,0,0,0,0,0,0,0,0,0,0,0,0,0,6,0,0,4,0,0,0,0,0,0,11,5,13,9,15,16,10,24,1,20,0,0,0,0,0,0,27,36,46,53,24,35,36,0
